Any,Codi_Districte,Nom_Districte,Codi_Barri,Nom_Barri,Seccio_Censal,Import_Euros
2022,1,Ciutat Vella,1,el Raval,1,15940
2022,1,Ciutat Vella,1,el Raval,2,13841
2022,1,Ciutat Vella,1,el Raval,3,12732
2022,1,Ciutat Vella,1,el Raval,4,15749
2022,1,Ciutat Vella,1,el Raval,5,13190
2022,1,Ciutat Vella,1,el Raval,6,14262
2022,1,Ciutat Vella,1,el Raval,7,13335
2022,1,Ciutat Vella,1,el Raval,8,10692
2022,1,Ciutat Vella,1,el Raval,9,13723
2022,1,Ciutat Vella,1,el Raval,10,11833
2022,1,Ciutat Vella,1,el Raval,11,11708
2022,1,Ciutat Vella,1,el Raval,12,14737
2022,1,Ciutat Vella,1,el Raval,13,14851
2022,1,Ciutat Vella,1,el Raval,14,14082
2022,1,Ciutat Vella,1,el Raval,15,14744
2022,1,Ciutat Vella,1,el Raval,16,14277
2022,1,Ciutat Vella,1,el Raval,17,12292
2022,1,Ciutat Vella,1,el Raval,18,13914
2022,1,Ciutat Vella,1,el Raval,19,13991
2022,1,Ciutat Vella,1,el Raval,20,19278
2022,1,Ciutat Vella,1,el Raval,21,19473
2022,1,Ciutat Vella,2,el Barri Gòtic,22,24330
2022,1,Ciutat Vella,2,el Barri Gòtic,23,20302
2022,1,Ciutat Vella,2,el Barri Gòtic,25,18972
2022,1,Ciutat Vella,2,el Barri Gòtic,26,20162
2022,1,Ciutat Vella,2,el Barri Gòtic,27,17614
2022,1,Ciutat Vella,2,el Barri Gòtic,28,19283
2022,1,Ciutat Vella,2,el Barri Gòtic,29,16012
2022,1,Ciutat Vella,2,el Barri Gòtic,30,15938
2022,1,Ciutat Vella,2,el Barri Gòtic,31,15400
2022,1,Ciutat Vella,3,la Barceloneta,32,19836
2022,1,Ciutat Vella,3,la Barceloneta,33,17188
2022,1,Ciutat Vella,3,la Barceloneta,34,17278
2022,1,Ciutat Vella,3,la Barceloneta,35,17458
2022,1,Ciutat Vella,3,la Barceloneta,36,17877
2022,1,Ciutat Vella,3,la Barceloneta,37,18627
2022,1,Ciutat Vella,3,la Barceloneta,38,16281
2022,1,Ciutat Vella,3,la Barceloneta,39,18053
2022,1,Ciutat Vella,3,la Barceloneta,40,19187
2022,1,Ciutat Vella,3,la Barceloneta,41,17187
2022,1,Ciutat Vella,3,la Barceloneta,42,18653
2022,1,Ciutat Vella,4,"Sant Pere, Santa Caterina i la Ribera",43,25186
2022,1,Ciutat Vella,4,"Sant Pere, Santa Caterina i la Ribera",44,20772
2022,1,Ciutat Vella,4,"Sant Pere, Santa Caterina i la Ribera",45,19646
2022,1,Ciutat Vella,4,"Sant Pere, Santa Caterina i la Ribera",46,17547
2022,1,Ciutat Vella,4,"Sant Pere, Santa Caterina i la Ribera",47,20023
2022,1,Ciutat Vella,4,"Sant Pere, Santa Caterina i la Ribera",48,15023
2022,1,Ciutat Vella,4,"Sant Pere, Santa Caterina i la Ribera",49,18668
2022,1,Ciutat Vella,4,"Sant Pere, Santa Caterina i la Ribera",50,17298
2022,1,Ciutat Vella,4,"Sant Pere, Santa Caterina i la Ribera",51,17760
2022,1,Ciutat Vella,4,"Sant Pere, Santa Caterina i la Ribera",52,24015
2022,1,Ciutat Vella,4,"Sant Pere, Santa Caterina i la Ribera",53,17569
2022,1,Ciutat Vella,4,"Sant Pere, Santa Caterina i la Ribera",54,18968
2022,1,Ciutat Vella,4,"Sant Pere, Santa Caterina i la Ribera",55,23042
2022,2,Eixample,5,el Fort Pienc,1,22790
2022,2,Eixample,5,el Fort Pienc,2,23841
2022,2,Eixample,5,el Fort Pienc,3,26735
2022,2,Eixample,5,el Fort Pienc,4,20846
2022,2,Eixample,5,el Fort Pienc,5,25223
2022,2,Eixample,5,el Fort Pienc,6,26174
2022,2,Eixample,5,el Fort Pienc,7,28926
2022,2,Eixample,5,el Fort Pienc,8,26072
2022,2,Eixample,5,el Fort Pienc,9,25066
2022,2,Eixample,5,el Fort Pienc,10,23183
2022,2,Eixample,5,el Fort Pienc,11,24698
2022,2,Eixample,5,el Fort Pienc,12,20656
2022,2,Eixample,5,el Fort Pienc,13,21814
2022,2,Eixample,5,el Fort Pienc,14,20498
2022,2,Eixample,5,el Fort Pienc,15,20373
2022,2,Eixample,5,el Fort Pienc,16,26542
2022,2,Eixample,5,el Fort Pienc,17,26887
2022,2,Eixample,5,el Fort Pienc,18,25637
2022,2,Eixample,5,el Fort Pienc,19,24358
2022,2,Eixample,5,el Fort Pienc,20,22945
2022,2,Eixample,6,la Sagrada Família,21,23411
2022,2,Eixample,6,la Sagrada Família,22,23805
2022,2,Eixample,6,la Sagrada Família,23,24495
2022,2,Eixample,6,la Sagrada Família,24,21808
2022,2,Eixample,6,la Sagrada Família,25,22251
2022,2,Eixample,6,la Sagrada Família,26,22712
2022,2,Eixample,6,la Sagrada Família,27,23205
2022,2,Eixample,6,la Sagrada Família,28,23093
2022,2,Eixample,6,la Sagrada Família,29,23537
2022,2,Eixample,6,la Sagrada Família,30,19958
2022,2,Eixample,6,la Sagrada Família,31,25192
2022,2,Eixample,6,la Sagrada Família,32,24660
2022,2,Eixample,6,la Sagrada Família,33,23934
2022,2,Eixample,6,la Sagrada Família,34,21815
2022,2,Eixample,6,la Sagrada Família,35,25035
2022,2,Eixample,6,la Sagrada Família,36,25842
2022,2,Eixample,6,la Sagrada Família,37,27029
2022,2,Eixample,6,la Sagrada Família,38,26402
2022,2,Eixample,6,la Sagrada Família,39,23132
2022,2,Eixample,6,la Sagrada Família,40,20914
2022,2,Eixample,6,la Sagrada Família,41,23317
2022,2,Eixample,6,la Sagrada Família,42,25918
2022,2,Eixample,6,la Sagrada Família,43,24593
2022,2,Eixample,6,la Sagrada Família,44,21162
2022,2,Eixample,6,la Sagrada Família,45,25351
2022,2,Eixample,6,la Sagrada Família,46,21589
2022,2,Eixample,6,la Sagrada Família,47,22895
2022,2,Eixample,6,la Sagrada Família,48,22490
2022,2,Eixample,6,la Sagrada Família,49,22119
2022,2,Eixample,6,la Sagrada Família,50,23490
2022,2,Eixample,6,la Sagrada Família,51,20797
2022,2,Eixample,6,la Sagrada Família,52,24261
2022,2,Eixample,6,la Sagrada Família,53,24829
2022,2,Eixample,6,la Sagrada Família,54,24388
2022,2,Eixample,7,la Dreta de l'Eixample,55,25670
2022,2,Eixample,7,la Dreta de l'Eixample,56,26223
2022,2,Eixample,7,la Dreta de l'Eixample,57,32110
2022,2,Eixample,7,la Dreta de l'Eixample,58,29126
2022,2,Eixample,7,la Dreta de l'Eixample,59,28590
2022,2,Eixample,7,la Dreta de l'Eixample,60,26853
2022,2,Eixample,7,la Dreta de l'Eixample,61,25141
2022,2,Eixample,7,la Dreta de l'Eixample,62,29073
2022,2,Eixample,7,la Dreta de l'Eixample,63,33504
2022,2,Eixample,7,la Dreta de l'Eixample,64,34279
2022,2,Eixample,7,la Dreta de l'Eixample,65,26124
2022,2,Eixample,7,la Dreta de l'Eixample,66,26487
2022,2,Eixample,7,la Dreta de l'Eixample,67,24205
2022,2,Eixample,7,la Dreta de l'Eixample,68,24597
2022,2,Eixample,7,la Dreta de l'Eixample,69,27907
2022,2,Eixample,7,la Dreta de l'Eixample,70,29588
2022,2,Eixample,7,la Dreta de l'Eixample,71,30730
2022,2,Eixample,7,la Dreta de l'Eixample,72,32777
2022,2,Eixample,7,la Dreta de l'Eixample,73,29806
2022,2,Eixample,7,la Dreta de l'Eixample,74,32048
2022,2,Eixample,7,la Dreta de l'Eixample,75,29337
2022,2,Eixample,7,la Dreta de l'Eixample,76,33570
2022,2,Eixample,7,la Dreta de l'Eixample,77,27936
2022,2,Eixample,7,la Dreta de l'Eixample,78,30538
2022,2,Eixample,7,la Dreta de l'Eixample,79,34652
2022,2,Eixample,7,la Dreta de l'Eixample,80,29980
2022,2,Eixample,7,la Dreta de l'Eixample,81,32610
2022,2,Eixample,7,la Dreta de l'Eixample,82,35461
2022,2,Eixample,7,la Dreta de l'Eixample,83,35723
2022,2,Eixample,8,l'Antiga Esquerra de l'Eixample,84,29114
2022,2,Eixample,8,l'Antiga Esquerra de l'Eixample,85,29619
2022,2,Eixample,8,l'Antiga Esquerra de l'Eixample,86,31623
2022,2,Eixample,8,l'Antiga Esquerra de l'Eixample,87,28228
2022,2,Eixample,8,l'Antiga Esquerra de l'Eixample,88,30535
2022,2,Eixample,8,l'Antiga Esquerra de l'Eixample,89,28941
2022,2,Eixample,8,l'Antiga Esquerra de l'Eixample,90,26461
2022,2,Eixample,8,l'Antiga Esquerra de l'Eixample,91,27557
2022,2,Eixample,8,l'Antiga Esquerra de l'Eixample,92,26561
2022,2,Eixample,8,l'Antiga Esquerra de l'Eixample,93,26544
2022,2,Eixample,8,l'Antiga Esquerra de l'Eixample,94,27481
2022,2,Eixample,8,l'Antiga Esquerra de l'Eixample,95,27232
2022,2,Eixample,8,l'Antiga Esquerra de l'Eixample,96,24967
2022,2,Eixample,8,l'Antiga Esquerra de l'Eixample,97,25274
2022,2,Eixample,8,l'Antiga Esquerra de l'Eixample,98,28586
2022,2,Eixample,8,l'Antiga Esquerra de l'Eixample,99,29234
2022,2,Eixample,8,l'Antiga Esquerra de l'Eixample,100,27833
2022,2,Eixample,8,l'Antiga Esquerra de l'Eixample,101,26991
2022,2,Eixample,8,l'Antiga Esquerra de l'Eixample,102,31352
2022,2,Eixample,8,l'Antiga Esquerra de l'Eixample,103,23458
2022,2,Eixample,8,l'Antiga Esquerra de l'Eixample,104,28771
2022,2,Eixample,8,l'Antiga Esquerra de l'Eixample,105,24334
2022,2,Eixample,8,l'Antiga Esquerra de l'Eixample,106,30506
2022,2,Eixample,8,l'Antiga Esquerra de l'Eixample,107,29971
2022,2,Eixample,8,l'Antiga Esquerra de l'Eixample,108,31290
2022,2,Eixample,8,l'Antiga Esquerra de l'Eixample,109,32778
2022,2,Eixample,9,la Nova Esquerra de l'Eixample,110,26399
2022,2,Eixample,9,la Nova Esquerra de l'Eixample,111,26249
2022,2,Eixample,9,la Nova Esquerra de l'Eixample,112,32346
2022,2,Eixample,9,la Nova Esquerra de l'Eixample,113,30804
2022,2,Eixample,9,la Nova Esquerra de l'Eixample,114,26587
2022,2,Eixample,9,la Nova Esquerra de l'Eixample,115,24599
2022,2,Eixample,9,la Nova Esquerra de l'Eixample,116,30343
2022,2,Eixample,9,la Nova Esquerra de l'Eixample,117,24991
2022,2,Eixample,9,la Nova Esquerra de l'Eixample,118,29697
2022,2,Eixample,9,la Nova Esquerra de l'Eixample,119,27970
2022,2,Eixample,9,la Nova Esquerra de l'Eixample,120,25793
2022,2,Eixample,9,la Nova Esquerra de l'Eixample,121,28742
2022,2,Eixample,9,la Nova Esquerra de l'Eixample,122,28801
2022,2,Eixample,9,la Nova Esquerra de l'Eixample,123,25556
2022,2,Eixample,9,la Nova Esquerra de l'Eixample,124,27242
2022,2,Eixample,9,la Nova Esquerra de l'Eixample,125,26043
2022,2,Eixample,9,la Nova Esquerra de l'Eixample,126,28075
2022,2,Eixample,9,la Nova Esquerra de l'Eixample,127,24908
2022,2,Eixample,9,la Nova Esquerra de l'Eixample,128,24196
2022,2,Eixample,9,la Nova Esquerra de l'Eixample,129,25179
2022,2,Eixample,9,la Nova Esquerra de l'Eixample,130,35407
2022,2,Eixample,9,la Nova Esquerra de l'Eixample,131,25947
2022,2,Eixample,9,la Nova Esquerra de l'Eixample,132,26171
2022,2,Eixample,9,la Nova Esquerra de l'Eixample,133,25551
2022,2,Eixample,9,la Nova Esquerra de l'Eixample,134,24148
2022,2,Eixample,9,la Nova Esquerra de l'Eixample,135,23347
2022,2,Eixample,9,la Nova Esquerra de l'Eixample,136,25572
2022,2,Eixample,9,la Nova Esquerra de l'Eixample,137,22926
2022,2,Eixample,9,la Nova Esquerra de l'Eixample,138,25759
2022,2,Eixample,9,la Nova Esquerra de l'Eixample,139,24784
2022,2,Eixample,9,la Nova Esquerra de l'Eixample,140,25629
2022,2,Eixample,9,la Nova Esquerra de l'Eixample,141,23865
2022,2,Eixample,9,la Nova Esquerra de l'Eixample,142,22294
2022,2,Eixample,9,la Nova Esquerra de l'Eixample,143,25002
2022,2,Eixample,9,la Nova Esquerra de l'Eixample,144,26948
2022,2,Eixample,9,la Nova Esquerra de l'Eixample,145,24336
2022,2,Eixample,9,la Nova Esquerra de l'Eixample,146,23632
2022,2,Eixample,9,la Nova Esquerra de l'Eixample,147,23710
2022,2,Eixample,9,la Nova Esquerra de l'Eixample,148,26725
2022,2,Eixample,9,la Nova Esquerra de l'Eixample,149,23965
2022,2,Eixample,10,Sant Antoni,150,21546
2022,2,Eixample,10,Sant Antoni,151,24718
2022,2,Eixample,10,Sant Antoni,152,26290
2022,2,Eixample,10,Sant Antoni,153,26237
2022,2,Eixample,10,Sant Antoni,154,19916
2022,2,Eixample,10,Sant Antoni,155,22039
2022,2,Eixample,10,Sant Antoni,156,24740
2022,2,Eixample,10,Sant Antoni,157,22316
2022,2,Eixample,10,Sant Antoni,158,23191
2022,2,Eixample,10,Sant Antoni,159,23155
2022,2,Eixample,10,Sant Antoni,160,26665
2022,2,Eixample,10,Sant Antoni,161,24006
2022,2,Eixample,10,Sant Antoni,162,21963
2022,2,Eixample,10,Sant Antoni,163,25409
2022,2,Eixample,10,Sant Antoni,164,24182
2022,2,Eixample,10,Sant Antoni,165,25006
2022,2,Eixample,10,Sant Antoni,166,22865
2022,2,Eixample,10,Sant Antoni,167,23870
2022,2,Eixample,10,Sant Antoni,168,23260
2022,2,Eixample,10,Sant Antoni,169,24208
2022,2,Eixample,10,Sant Antoni,170,23748
2022,2,Eixample,10,Sant Antoni,171,20799
2022,2,Eixample,10,Sant Antoni,172,22197
2022,2,Eixample,10,Sant Antoni,173,23774
2022,3,Sants-Montjuïc,11,el Poble Sec - AEI Parc Montjuïc,1,20069
2022,3,Sants-Montjuïc,11,el Poble Sec - AEI Parc Montjuïc,2,18708
2022,3,Sants-Montjuïc,11,el Poble Sec - AEI Parc Montjuïc,3,17692
2022,3,Sants-Montjuïc,11,el Poble Sec - AEI Parc Montjuïc,4,21142
2022,3,Sants-Montjuïc,11,el Poble Sec - AEI Parc Montjuïc,5,18633
2022,3,Sants-Montjuïc,11,el Poble Sec - AEI Parc Montjuïc,6,19132
2022,3,Sants-Montjuïc,11,el Poble Sec - AEI Parc Montjuïc,7,18151
2022,3,Sants-Montjuïc,11,el Poble Sec - AEI Parc Montjuïc,8,18302
2022,3,Sants-Montjuïc,11,el Poble Sec - AEI Parc Montjuïc,9,19616
2022,3,Sants-Montjuïc,11,el Poble Sec - AEI Parc Montjuïc,10,17286
2022,3,Sants-Montjuïc,11,el Poble Sec - AEI Parc Montjuïc,11,15812
2022,3,Sants-Montjuïc,11,el Poble Sec - AEI Parc Montjuïc,12,18432
2022,3,Sants-Montjuïc,11,el Poble Sec - AEI Parc Montjuïc,13,17314
2022,3,Sants-Montjuïc,11,el Poble Sec - AEI Parc Montjuïc,14,17103
2022,3,Sants-Montjuïc,11,el Poble Sec - AEI Parc Montjuïc,15,17648
2022,3,Sants-Montjuïc,11,el Poble Sec - AEI Parc Montjuïc,16,17337
2022,3,Sants-Montjuïc,11,el Poble Sec - AEI Parc Montjuïc,17,16689
2022,3,Sants-Montjuïc,11,el Poble Sec - AEI Parc Montjuïc,18,18242
2022,3,Sants-Montjuïc,11,el Poble Sec - AEI Parc Montjuïc,19,17406
2022,3,Sants-Montjuïc,11,el Poble Sec - AEI Parc Montjuïc,20,20110
2022,3,Sants-Montjuïc,11,el Poble Sec - AEI Parc Montjuïc,21,20255
2022,3,Sants-Montjuïc,11,el Poble Sec - AEI Parc Montjuïc,22,20151
2022,3,Sants-Montjuïc,11,el Poble Sec - AEI Parc Montjuïc,23,17561
2022,3,Sants-Montjuïc,11,el Poble Sec - AEI Parc Montjuïc,24,17513
2022,3,Sants-Montjuïc,12,la Marina del Prat Vermell - AEI Zona Franca,25,16015
2022,3,Sants-Montjuïc,13,la Marina de Port,26,18416
2022,3,Sants-Montjuïc,13,la Marina de Port,27,19920
2022,3,Sants-Montjuïc,13,la Marina de Port,28,22039
2022,3,Sants-Montjuïc,13,la Marina de Port,29,17742
2022,3,Sants-Montjuïc,13,la Marina de Port,30,19361
2022,3,Sants-Montjuïc,13,la Marina de Port,31,18179
2022,3,Sants-Montjuïc,13,la Marina de Port,32,16019
2022,3,Sants-Montjuïc,13,la Marina de Port,33,14603
2022,3,Sants-Montjuïc,13,la Marina de Port,34,18227
2022,3,Sants-Montjuïc,13,la Marina de Port,35,19380
2022,3,Sants-Montjuïc,13,la Marina de Port,36,20920
2022,3,Sants-Montjuïc,13,la Marina de Port,37,20697
2022,3,Sants-Montjuïc,13,la Marina de Port,38,15036
2022,3,Sants-Montjuïc,13,la Marina de Port,39,14267
2022,3,Sants-Montjuïc,14,la Font de la Guatlla,40,23967
2022,3,Sants-Montjuïc,14,la Font de la Guatlla,41,20557
2022,3,Sants-Montjuïc,14,la Font de la Guatlla,42,20888
2022,3,Sants-Montjuïc,14,la Font de la Guatlla,43,21852
2022,3,Sants-Montjuïc,14,la Font de la Guatlla,44,19956
2022,3,Sants-Montjuïc,14,la Font de la Guatlla,45,21527
2022,3,Sants-Montjuïc,14,la Font de la Guatlla,46,24473
2022,3,Sants-Montjuïc,15,Hostafrancs,47,20205
2022,3,Sants-Montjuïc,15,Hostafrancs,48,25306
2022,3,Sants-Montjuïc,15,Hostafrancs,49,21476
2022,3,Sants-Montjuïc,15,Hostafrancs,50,22613
2022,3,Sants-Montjuïc,15,Hostafrancs,51,18166
2022,3,Sants-Montjuïc,15,Hostafrancs,52,20152
2022,3,Sants-Montjuïc,15,Hostafrancs,53,18930
2022,3,Sants-Montjuïc,15,Hostafrancs,54,22160
2022,3,Sants-Montjuïc,15,Hostafrancs,55,21161
2022,3,Sants-Montjuïc,15,Hostafrancs,56,20051
2022,3,Sants-Montjuïc,16,la Bordeta,57,20487
2022,3,Sants-Montjuïc,16,la Bordeta,58,26006
2022,3,Sants-Montjuïc,16,la Bordeta,59,19658
2022,3,Sants-Montjuïc,16,la Bordeta,60,23481
2022,3,Sants-Montjuïc,16,la Bordeta,61,20652
2022,3,Sants-Montjuïc,16,la Bordeta,62,21116
2022,3,Sants-Montjuïc,16,la Bordeta,63,20791
2022,3,Sants-Montjuïc,16,la Bordeta,64,21528
2022,3,Sants-Montjuïc,16,la Bordeta,65,21382
2022,3,Sants-Montjuïc,16,la Bordeta,66,19338
2022,3,Sants-Montjuïc,16,la Bordeta,67,21399
2022,3,Sants-Montjuïc,16,la Bordeta,68,18598
2022,3,Sants-Montjuïc,16,la Bordeta,69,22069
2022,3,Sants-Montjuïc,17,Sants - Badal,70,17892
2022,3,Sants-Montjuïc,17,Sants - Badal,71,18441
2022,3,Sants-Montjuïc,17,Sants - Badal,72,18574
2022,3,Sants-Montjuïc,17,Sants - Badal,73,21623
2022,3,Sants-Montjuïc,17,Sants - Badal,74,20800
2022,3,Sants-Montjuïc,17,Sants - Badal,75,19024
2022,3,Sants-Montjuïc,17,Sants - Badal,76,19553
2022,3,Sants-Montjuïc,17,Sants - Badal,77,19655
2022,3,Sants-Montjuïc,17,Sants - Badal,78,18867
2022,3,Sants-Montjuïc,17,Sants - Badal,79,18537
2022,3,Sants-Montjuïc,17,Sants - Badal,80,20231
2022,3,Sants-Montjuïc,17,Sants - Badal,81,20732
2022,3,Sants-Montjuïc,17,Sants - Badal,82,23596
2022,3,Sants-Montjuïc,17,Sants - Badal,83,21742
2022,3,Sants-Montjuïc,17,Sants - Badal,84,22127
2022,3,Sants-Montjuïc,17,Sants - Badal,85,24468
2022,3,Sants-Montjuïc,18,Sants,86,26299
2022,3,Sants-Montjuïc,18,Sants,87,24888
2022,3,Sants-Montjuïc,18,Sants,88,22442
2022,3,Sants-Montjuïc,18,Sants,89,23852
2022,3,Sants-Montjuïc,18,Sants,90,25943
2022,3,Sants-Montjuïc,18,Sants,91,23272
2022,3,Sants-Montjuïc,18,Sants,92,22462
2022,3,Sants-Montjuïc,18,Sants,93,23518
2022,3,Sants-Montjuïc,18,Sants,94,24128
2022,3,Sants-Montjuïc,18,Sants,95,22661
2022,3,Sants-Montjuïc,18,Sants,96,20296
2022,3,Sants-Montjuïc,18,Sants,97,16862
2022,3,Sants-Montjuïc,18,Sants,98,18931
2022,3,Sants-Montjuïc,18,Sants,99,21918
2022,3,Sants-Montjuïc,18,Sants,100,21683
2022,3,Sants-Montjuïc,18,Sants,101,21444
2022,3,Sants-Montjuïc,18,Sants,102,21738
2022,3,Sants-Montjuïc,18,Sants,103,21739
2022,3,Sants-Montjuïc,18,Sants,104,21102
2022,3,Sants-Montjuïc,18,Sants,105,20677
2022,3,Sants-Montjuïc,18,Sants,106,22139
2022,3,Sants-Montjuïc,18,Sants,107,21766
2022,3,Sants-Montjuïc,18,Sants,108,21840
2022,3,Sants-Montjuïc,18,Sants,109,23218
2022,3,Sants-Montjuïc,18,Sants,110,23572
2022,3,Sants-Montjuïc,18,Sants,111,23842
2022,3,Sants-Montjuïc,18,Sants,112,24910
2022,3,Sants-Montjuïc,18,Sants,113,29431
2022,3,Sants-Montjuïc,18,Sants,114,28033
2022,3,Sants-Montjuïc,13,la Marina de Port,211,19363
2022,3,Sants-Montjuïc,13,la Marina de Port,212,17868
2022,3,Sants-Montjuïc,13,la Marina de Port,213,15464
2022,4,Les Corts,19,les Corts,1,25302
2022,4,Les Corts,19,les Corts,2,26879
2022,4,Les Corts,19,les Corts,3,26841
2022,4,Les Corts,19,les Corts,4,25040
2022,4,Les Corts,19,les Corts,5,25649
2022,4,Les Corts,19,les Corts,6,26326
2022,4,Les Corts,19,les Corts,7,24148
2022,4,Les Corts,19,les Corts,8,23436
2022,4,Les Corts,19,les Corts,9,26050
2022,4,Les Corts,19,les Corts,10,29424
2022,4,Les Corts,19,les Corts,11,30053
2022,4,Les Corts,19,les Corts,12,28929
2022,4,Les Corts,19,les Corts,13,30302
2022,4,Les Corts,19,les Corts,14,29234
2022,4,Les Corts,19,les Corts,15,27516
2022,4,Les Corts,19,les Corts,16,30137
2022,4,Les Corts,19,les Corts,17,29103
2022,4,Les Corts,19,les Corts,18,30988
2022,4,Les Corts,19,les Corts,19,35746
2022,4,Les Corts,19,les Corts,20,30640
2022,4,Les Corts,19,les Corts,21,34175
2022,4,Les Corts,19,les Corts,22,28396
2022,4,Les Corts,19,les Corts,23,40145
2022,4,Les Corts,19,les Corts,24,42299
2022,4,Les Corts,19,les Corts,25,28740
2022,4,Les Corts,19,les Corts,26,28094
2022,4,Les Corts,19,les Corts,27,29733
2022,4,Les Corts,19,les Corts,28,26632
2022,4,Les Corts,19,les Corts,29,31839
2022,4,Les Corts,19,les Corts,30,30001
2022,4,Les Corts,19,les Corts,31,26672
2022,4,Les Corts,19,les Corts,32,25739
2022,4,Les Corts,19,les Corts,33,25241
2022,4,Les Corts,19,les Corts,34,30986
2022,4,Les Corts,19,les Corts,35,28598
2022,4,Les Corts,20,la Maternitat i Sant Ramon,36,24241
2022,4,Les Corts,20,la Maternitat i Sant Ramon,37,25481
2022,4,Les Corts,20,la Maternitat i Sant Ramon,38,25111
2022,4,Les Corts,20,la Maternitat i Sant Ramon,39,23770
2022,4,Les Corts,20,la Maternitat i Sant Ramon,40,20566
2022,4,Les Corts,20,la Maternitat i Sant Ramon,41,21731
2022,4,Les Corts,20,la Maternitat i Sant Ramon,42,20164
2022,4,Les Corts,20,la Maternitat i Sant Ramon,43,28921
2022,4,Les Corts,20,la Maternitat i Sant Ramon,44,22852
2022,4,Les Corts,20,la Maternitat i Sant Ramon,45,23340
2022,4,Les Corts,20,la Maternitat i Sant Ramon,46,31150
2022,4,Les Corts,20,la Maternitat i Sant Ramon,47,26511
2022,4,Les Corts,20,la Maternitat i Sant Ramon,48,28498
2022,4,Les Corts,20,la Maternitat i Sant Ramon,49,38353
2022,4,Les Corts,21,Pedralbes,50,42688
2022,4,Les Corts,21,Pedralbes,51,31224
2022,4,Les Corts,21,Pedralbes,52,42718
2022,4,Les Corts,21,Pedralbes,53,25939
2022,4,Les Corts,21,Pedralbes,54,35950
2022,4,Les Corts,21,Pedralbes,55,43069
2022,4,Les Corts,21,Pedralbes,56,43325
2022,4,Les Corts,20,la Maternitat i Sant Ramon,84,30811
2022,5,Sarrià-St. Gervasi,22,"Vallvidrera, el Tibidabo i les Planes",1,22779
2022,5,Sarrià-St. Gervasi,22,"Vallvidrera, el Tibidabo i les Planes",2,33172
2022,5,Sarrià-St. Gervasi,22,"Vallvidrera, el Tibidabo i les Planes",3,32833
2022,5,Sarrià-St. Gervasi,23,Sarrià,4,43273
2022,5,Sarrià-St. Gervasi,23,Sarrià,5,32579
2022,5,Sarrià-St. Gervasi,23,Sarrià,6,43253
2022,5,Sarrià-St. Gervasi,23,Sarrià,7,35129
2022,5,Sarrià-St. Gervasi,23,Sarrià,8,43189
2022,5,Sarrià-St. Gervasi,23,Sarrià,9,32367
2022,5,Sarrià-St. Gervasi,23,Sarrià,10,30338
2022,5,Sarrià-St. Gervasi,23,Sarrià,11,31733
2022,5,Sarrià-St. Gervasi,23,Sarrià,12,29677
2022,5,Sarrià-St. Gervasi,23,Sarrià,13,34728
2022,5,Sarrià-St. Gervasi,23,Sarrià,14,36363
2022,5,Sarrià-St. Gervasi,23,Sarrià,15,32862
2022,5,Sarrià-St. Gervasi,23,Sarrià,16,27137
2022,5,Sarrià-St. Gervasi,23,Sarrià,17,42969
2022,5,Sarrià-St. Gervasi,23,Sarrià,18,31722
2022,5,Sarrià-St. Gervasi,23,Sarrià,19,39823
2022,5,Sarrià-St. Gervasi,24,les Tres Torres,20,38910
2022,5,Sarrià-St. Gervasi,24,les Tres Torres,21,43205
2022,5,Sarrià-St. Gervasi,24,les Tres Torres,22,43027
2022,5,Sarrià-St. Gervasi,24,les Tres Torres,23,28562
2022,5,Sarrià-St. Gervasi,24,les Tres Torres,24,42217
2022,5,Sarrià-St. Gervasi,24,les Tres Torres,25,43199
2022,5,Sarrià-St. Gervasi,24,les Tres Torres,26,43194
2022,5,Sarrià-St. Gervasi,24,les Tres Torres,27,43246
2022,5,Sarrià-St. Gervasi,24,les Tres Torres,28,42701
2022,5,Sarrià-St. Gervasi,24,les Tres Torres,29,43324
2022,5,Sarrià-St. Gervasi,24,les Tres Torres,30,43201
2022,5,Sarrià-St. Gervasi,25,Sant Gervasi - la Bonanova,31,43001
2022,5,Sarrià-St. Gervasi,25,Sant Gervasi - la Bonanova,32,43308
2022,5,Sarrià-St. Gervasi,25,Sant Gervasi - la Bonanova,33,40263
2022,5,Sarrià-St. Gervasi,25,Sant Gervasi - la Bonanova,34,32509
2022,5,Sarrià-St. Gervasi,25,Sant Gervasi - la Bonanova,35,42303
2022,5,Sarrià-St. Gervasi,25,Sant Gervasi - la Bonanova,36,39757
2022,5,Sarrià-St. Gervasi,25,Sant Gervasi - la Bonanova,37,30840
2022,5,Sarrià-St. Gervasi,25,Sant Gervasi - la Bonanova,38,29317
2022,5,Sarrià-St. Gervasi,25,Sant Gervasi - la Bonanova,39,37427
2022,5,Sarrià-St. Gervasi,25,Sant Gervasi - la Bonanova,40,29072
2022,5,Sarrià-St. Gervasi,25,Sant Gervasi - la Bonanova,41,32266
2022,5,Sarrià-St. Gervasi,25,Sant Gervasi - la Bonanova,42,33486
2022,5,Sarrià-St. Gervasi,25,Sant Gervasi - la Bonanova,43,29496
2022,5,Sarrià-St. Gervasi,25,Sant Gervasi - la Bonanova,44,31196
2022,5,Sarrià-St. Gervasi,25,Sant Gervasi - la Bonanova,45,37769
2022,5,Sarrià-St. Gervasi,25,Sant Gervasi - la Bonanova,46,42767
2022,5,Sarrià-St. Gervasi,25,Sant Gervasi - la Bonanova,47,35000
2022,5,Sarrià-St. Gervasi,25,Sant Gervasi - la Bonanova,48,40207
2022,5,Sarrià-St. Gervasi,26,Sant Gervasi - Galvany,49,41972
2022,5,Sarrià-St. Gervasi,26,Sant Gervasi - Galvany,50,31876
2022,5,Sarrià-St. Gervasi,26,Sant Gervasi - Galvany,51,38555
2022,5,Sarrià-St. Gervasi,26,Sant Gervasi - Galvany,52,43208
2022,5,Sarrià-St. Gervasi,26,Sant Gervasi - Galvany,53,43116
2022,5,Sarrià-St. Gervasi,26,Sant Gervasi - Galvany,54,43231
2022,5,Sarrià-St. Gervasi,26,Sant Gervasi - Galvany,55,43191
2022,5,Sarrià-St. Gervasi,26,Sant Gervasi - Galvany,56,38417
2022,5,Sarrià-St. Gervasi,26,Sant Gervasi - Galvany,57,42668
2022,5,Sarrià-St. Gervasi,26,Sant Gervasi - Galvany,58,42862
2022,5,Sarrià-St. Gervasi,26,Sant Gervasi - Galvany,59,33580
2022,5,Sarrià-St. Gervasi,26,Sant Gervasi - Galvany,60,42956
2022,5,Sarrià-St. Gervasi,26,Sant Gervasi - Galvany,61,32739
2022,5,Sarrià-St. Gervasi,26,Sant Gervasi - Galvany,62,38614
2022,5,Sarrià-St. Gervasi,26,Sant Gervasi - Galvany,63,37872
2022,5,Sarrià-St. Gervasi,26,Sant Gervasi - Galvany,64,38472
2022,5,Sarrià-St. Gervasi,26,Sant Gervasi - Galvany,65,32027
2022,5,Sarrià-St. Gervasi,26,Sant Gervasi - Galvany,66,37690
2022,5,Sarrià-St. Gervasi,26,Sant Gervasi - Galvany,67,35280
2022,5,Sarrià-St. Gervasi,26,Sant Gervasi - Galvany,68,32194
2022,5,Sarrià-St. Gervasi,26,Sant Gervasi - Galvany,69,31766
2022,5,Sarrià-St. Gervasi,26,Sant Gervasi - Galvany,70,30090
2022,5,Sarrià-St. Gervasi,26,Sant Gervasi - Galvany,71,29842
2022,5,Sarrià-St. Gervasi,26,Sant Gervasi - Galvany,72,30802
2022,5,Sarrià-St. Gervasi,26,Sant Gervasi - Galvany,73,29657
2022,5,Sarrià-St. Gervasi,26,Sant Gervasi - Galvany,74,35750
2022,5,Sarrià-St. Gervasi,26,Sant Gervasi - Galvany,75,30936
2022,5,Sarrià-St. Gervasi,26,Sant Gervasi - Galvany,76,33011
2022,5,Sarrià-St. Gervasi,26,Sant Gervasi - Galvany,77,34763
2022,5,Sarrià-St. Gervasi,26,Sant Gervasi - Galvany,78,35831
2022,5,Sarrià-St. Gervasi,26,Sant Gervasi - Galvany,79,31811
2022,5,Sarrià-St. Gervasi,27,el Putxet i el Farró,80,30910
2022,5,Sarrià-St. Gervasi,27,el Putxet i el Farró,81,28725
2022,5,Sarrià-St. Gervasi,27,el Putxet i el Farró,82,28627
2022,5,Sarrià-St. Gervasi,27,el Putxet i el Farró,83,29281
2022,5,Sarrià-St. Gervasi,27,el Putxet i el Farró,84,29095
2022,5,Sarrià-St. Gervasi,27,el Putxet i el Farró,85,26163
2022,5,Sarrià-St. Gervasi,27,el Putxet i el Farró,86,28430
2022,5,Sarrià-St. Gervasi,27,el Putxet i el Farró,87,29751
2022,5,Sarrià-St. Gervasi,27,el Putxet i el Farró,88,30623
2022,5,Sarrià-St. Gervasi,27,el Putxet i el Farró,89,30405
2022,5,Sarrià-St. Gervasi,27,el Putxet i el Farró,90,28507
2022,5,Sarrià-St. Gervasi,27,el Putxet i el Farró,91,24543
2022,5,Sarrià-St. Gervasi,27,el Putxet i el Farró,92,36670
2022,5,Sarrià-St. Gervasi,27,el Putxet i el Farró,93,31787
2022,5,Sarrià-St. Gervasi,27,el Putxet i el Farró,94,34338
2022,5,Sarrià-St. Gervasi,27,el Putxet i el Farró,95,28250
2022,5,Sarrià-St. Gervasi,27,el Putxet i el Farró,96,27064
2022,5,Sarrià-St. Gervasi,27,el Putxet i el Farró,97,28125
2022,5,Sarrià-St. Gervasi,27,el Putxet i el Farró,98,28473
2022,6,Gràcia,28,Vallcarca i els Penitents,1,23380
2022,6,Gràcia,28,Vallcarca i els Penitents,2,24799
2022,6,Gràcia,28,Vallcarca i els Penitents,3,22039
2022,6,Gràcia,28,Vallcarca i els Penitents,4,25649
2022,6,Gràcia,28,Vallcarca i els Penitents,6,32132
2022,6,Gràcia,28,Vallcarca i els Penitents,7,27507
2022,6,Gràcia,28,Vallcarca i els Penitents,8,24441
2022,6,Gràcia,28,Vallcarca i els Penitents,9,32520
2022,6,Gràcia,28,Vallcarca i els Penitents,10,29772
2022,6,Gràcia,28,Vallcarca i els Penitents,11,27770
2022,6,Gràcia,28,Vallcarca i els Penitents,12,29751
2022,6,Gràcia,29,el Coll,13,23915
2022,6,Gràcia,29,el Coll,14,20817
2022,6,Gràcia,29,el Coll,15,20877
2022,6,Gràcia,29,el Coll,16,20016
2022,6,Gràcia,29,el Coll,17,21324
2022,6,Gràcia,30,la Salut,18,22640
2022,6,Gràcia,30,la Salut,19,23171
2022,6,Gràcia,30,la Salut,20,25624
2022,6,Gràcia,30,la Salut,21,27895
2022,6,Gràcia,30,la Salut,22,25352
2022,6,Gràcia,30,la Salut,23,26986
2022,6,Gràcia,30,la Salut,24,24724
2022,6,Gràcia,30,la Salut,25,27817
2022,6,Gràcia,30,la Salut,26,26536
2022,6,Gràcia,30,la Salut,27,26867
2022,6,Gràcia,31,la Vila de Gràcia,28,22197
2022,6,Gràcia,31,la Vila de Gràcia,29,26154
2022,6,Gràcia,31,la Vila de Gràcia,30,22949
2022,6,Gràcia,31,la Vila de Gràcia,31,24768
2022,6,Gràcia,31,la Vila de Gràcia,32,23563
2022,6,Gràcia,31,la Vila de Gràcia,33,24948
2022,6,Gràcia,31,la Vila de Gràcia,34,23669
2022,6,Gràcia,31,la Vila de Gràcia,35,28933
2022,6,Gràcia,31,la Vila de Gràcia,36,26608
2022,6,Gràcia,31,la Vila de Gràcia,37,25826
2022,6,Gràcia,31,la Vila de Gràcia,38,24022
2022,6,Gràcia,31,la Vila de Gràcia,39,23385
2022,6,Gràcia,31,la Vila de Gràcia,40,26545
2022,6,Gràcia,31,la Vila de Gràcia,41,26110
2022,6,Gràcia,31,la Vila de Gràcia,42,26734
2022,6,Gràcia,31,la Vila de Gràcia,43,27275
2022,6,Gràcia,31,la Vila de Gràcia,44,31579
2022,6,Gràcia,31,la Vila de Gràcia,45,26379
2022,6,Gràcia,31,la Vila de Gràcia,46,24360
2022,6,Gràcia,31,la Vila de Gràcia,47,23056
2022,6,Gràcia,31,la Vila de Gràcia,48,23808
2022,6,Gràcia,31,la Vila de Gràcia,49,24946
2022,6,Gràcia,31,la Vila de Gràcia,50,21888
2022,6,Gràcia,31,la Vila de Gràcia,51,25406
2022,6,Gràcia,31,la Vila de Gràcia,52,24910
2022,6,Gràcia,31,la Vila de Gràcia,53,25586
2022,6,Gràcia,31,la Vila de Gràcia,54,23073
2022,6,Gràcia,31,la Vila de Gràcia,55,25464
2022,6,Gràcia,31,la Vila de Gràcia,56,23848
2022,6,Gràcia,31,la Vila de Gràcia,57,22529
2022,6,Gràcia,31,la Vila de Gràcia,58,25422
2022,6,Gràcia,31,la Vila de Gràcia,59,23641
2022,6,Gràcia,31,la Vila de Gràcia,60,23287
2022,6,Gràcia,31,la Vila de Gràcia,61,22913
2022,6,Gràcia,31,la Vila de Gràcia,62,22306
2022,6,Gràcia,31,la Vila de Gràcia,63,23502
2022,6,Gràcia,32,el Camp d'en Grassot i Gràcia Nova,64,25106
2022,6,Gràcia,32,el Camp d'en Grassot i Gràcia Nova,65,27076
2022,6,Gràcia,32,el Camp d'en Grassot i Gràcia Nova,66,26665
2022,6,Gràcia,32,el Camp d'en Grassot i Gràcia Nova,67,24780
2022,6,Gràcia,32,el Camp d'en Grassot i Gràcia Nova,68,28036
2022,6,Gràcia,32,el Camp d'en Grassot i Gràcia Nova,69,26344
2022,6,Gràcia,32,el Camp d'en Grassot i Gràcia Nova,70,24000
2022,6,Gràcia,32,el Camp d'en Grassot i Gràcia Nova,71,25558
2022,6,Gràcia,32,el Camp d'en Grassot i Gràcia Nova,72,28615
2022,6,Gràcia,32,el Camp d'en Grassot i Gràcia Nova,73,24571
2022,6,Gràcia,32,el Camp d'en Grassot i Gràcia Nova,74,24110
2022,6,Gràcia,32,el Camp d'en Grassot i Gràcia Nova,75,27749
2022,6,Gràcia,32,el Camp d'en Grassot i Gràcia Nova,76,26016
2022,6,Gràcia,32,el Camp d'en Grassot i Gràcia Nova,77,23259
2022,6,Gràcia,32,el Camp d'en Grassot i Gràcia Nova,78,23649
2022,6,Gràcia,32,el Camp d'en Grassot i Gràcia Nova,79,24963
2022,6,Gràcia,32,el Camp d'en Grassot i Gràcia Nova,80,24015
2022,6,Gràcia,32,el Camp d'en Grassot i Gràcia Nova,81,24419
2022,6,Gràcia,32,el Camp d'en Grassot i Gràcia Nova,82,24999
2022,6,Gràcia,32,el Camp d'en Grassot i Gràcia Nova,83,26761
2022,6,Gràcia,32,el Camp d'en Grassot i Gràcia Nova,84,24548
2022,6,Gràcia,32,el Camp d'en Grassot i Gràcia Nova,85,25965
2022,6,Gràcia,32,el Camp d'en Grassot i Gràcia Nova,86,29092
2022,6,Gràcia,32,el Camp d'en Grassot i Gràcia Nova,87,28118
2022,6,Gràcia,32,el Camp d'en Grassot i Gràcia Nova,88,24840
2022,7,Horta-Guinardó,33,el Baix Guinardó,1,25416
2022,7,Horta-Guinardó,33,el Baix Guinardó,2,22961
2022,7,Horta-Guinardó,33,el Baix Guinardó,3,23631
2022,7,Horta-Guinardó,33,el Baix Guinardó,4,21469
2022,7,Horta-Guinardó,33,el Baix Guinardó,5,22432
2022,7,Horta-Guinardó,33,el Baix Guinardó,6,24182
2022,7,Horta-Guinardó,33,el Baix Guinardó,7,22021
2022,7,Horta-Guinardó,33,el Baix Guinardó,8,23050
2022,7,Horta-Guinardó,33,el Baix Guinardó,9,21928
2022,7,Horta-Guinardó,33,el Baix Guinardó,10,24443
2022,7,Horta-Guinardó,33,el Baix Guinardó,11,22371
2022,7,Horta-Guinardó,33,el Baix Guinardó,12,21250
2022,7,Horta-Guinardó,33,el Baix Guinardó,13,24307
2022,7,Horta-Guinardó,33,el Baix Guinardó,14,20062
2022,7,Horta-Guinardó,33,el Baix Guinardó,15,19908
2022,7,Horta-Guinardó,33,el Baix Guinardó,16,24961
2022,7,Horta-Guinardó,33,el Baix Guinardó,17,21865
2022,7,Horta-Guinardó,33,el Baix Guinardó,18,20436
2022,7,Horta-Guinardó,33,el Baix Guinardó,19,22616
2022,7,Horta-Guinardó,34,Can Baró,20,19694
2022,7,Horta-Guinardó,34,Can Baró,21,24977
2022,7,Horta-Guinardó,34,Can Baró,22,21630
2022,7,Horta-Guinardó,34,Can Baró,23,19391
2022,7,Horta-Guinardó,34,Can Baró,24,20791
2022,7,Horta-Guinardó,34,Can Baró,25,19826
2022,7,Horta-Guinardó,34,Can Baró,26,20590
2022,7,Horta-Guinardó,35,el Guinardó,27,19595
2022,7,Horta-Guinardó,35,el Guinardó,28,21610
2022,7,Horta-Guinardó,35,el Guinardó,29,23507
2022,7,Horta-Guinardó,35,el Guinardó,30,19550
2022,7,Horta-Guinardó,35,el Guinardó,31,18942
2022,7,Horta-Guinardó,35,el Guinardó,32,21175
2022,7,Horta-Guinardó,35,el Guinardó,33,22382
2022,7,Horta-Guinardó,35,el Guinardó,34,24387
2022,7,Horta-Guinardó,35,el Guinardó,35,24068
2022,7,Horta-Guinardó,35,el Guinardó,36,24548
2022,7,Horta-Guinardó,35,el Guinardó,37,21604
2022,7,Horta-Guinardó,35,el Guinardó,38,21428
2022,7,Horta-Guinardó,35,el Guinardó,39,23212
2022,7,Horta-Guinardó,35,el Guinardó,40,22522
2022,7,Horta-Guinardó,35,el Guinardó,41,20622
2022,7,Horta-Guinardó,35,el Guinardó,42,22077
2022,7,Horta-Guinardó,35,el Guinardó,43,22411
2022,7,Horta-Guinardó,35,el Guinardó,44,23412
2022,7,Horta-Guinardó,35,el Guinardó,45,20855
2022,7,Horta-Guinardó,35,el Guinardó,46,21084
2022,7,Horta-Guinardó,35,el Guinardó,47,20879
2022,7,Horta-Guinardó,35,el Guinardó,48,21925
2022,7,Horta-Guinardó,35,el Guinardó,49,21457
2022,7,Horta-Guinardó,35,el Guinardó,50,21024
2022,7,Horta-Guinardó,35,el Guinardó,51,21631
2022,7,Horta-Guinardó,36,la Font d'en Fargues,52,27649
2022,7,Horta-Guinardó,36,la Font d'en Fargues,53,23584
2022,7,Horta-Guinardó,36,la Font d'en Fargues,54,28932
2022,7,Horta-Guinardó,36,la Font d'en Fargues,55,31861
2022,7,Horta-Guinardó,36,la Font d'en Fargues,56,23906
2022,7,Horta-Guinardó,36,la Font d'en Fargues,57,24089
2022,7,Horta-Guinardó,36,la Font d'en Fargues,58,23141
2022,7,Horta-Guinardó,37,el Carmel,59,17839
2022,7,Horta-Guinardó,37,el Carmel,60,17555
2022,7,Horta-Guinardó,37,el Carmel,61,18232
2022,7,Horta-Guinardó,37,el Carmel,62,18168
2022,7,Horta-Guinardó,37,el Carmel,63,15513
2022,7,Horta-Guinardó,37,el Carmel,64,16272
2022,7,Horta-Guinardó,37,el Carmel,65,14706
2022,7,Horta-Guinardó,37,el Carmel,66,15431
2022,7,Horta-Guinardó,37,el Carmel,67,15392
2022,7,Horta-Guinardó,37,el Carmel,68,14717
2022,7,Horta-Guinardó,37,el Carmel,69,15466
2022,7,Horta-Guinardó,37,el Carmel,70,15987
2022,7,Horta-Guinardó,37,el Carmel,71,18073
2022,7,Horta-Guinardó,37,el Carmel,72,17568
2022,7,Horta-Guinardó,37,el Carmel,73,15826
2022,7,Horta-Guinardó,37,el Carmel,74,16393
2022,7,Horta-Guinardó,37,el Carmel,75,15711
2022,7,Horta-Guinardó,37,el Carmel,76,16429
2022,7,Horta-Guinardó,37,el Carmel,77,16079
2022,7,Horta-Guinardó,37,el Carmel,78,16140
2022,7,Horta-Guinardó,37,el Carmel,79,15950
2022,7,Horta-Guinardó,37,el Carmel,80,17236
2022,7,Horta-Guinardó,38,la Teixonera,81,18792
2022,7,Horta-Guinardó,38,la Teixonera,82,17614
2022,7,Horta-Guinardó,38,la Teixonera,83,16707
2022,7,Horta-Guinardó,38,la Teixonera,84,17574
2022,7,Horta-Guinardó,38,la Teixonera,85,18443
2022,7,Horta-Guinardó,38,la Teixonera,86,17016
2022,7,Horta-Guinardó,38,la Teixonera,87,18502
2022,7,Horta-Guinardó,38,la Teixonera,88,18082
2022,7,Horta-Guinardó,39,Sant Genís dels Agudells,89,20646
2022,7,Horta-Guinardó,39,Sant Genís dels Agudells,90,19094
2022,7,Horta-Guinardó,39,Sant Genís dels Agudells,91,19682
2022,7,Horta-Guinardó,39,Sant Genís dels Agudells,92,14991
2022,7,Horta-Guinardó,39,Sant Genís dels Agudells,93,18366
2022,7,Horta-Guinardó,40,Montbau,94,20531
2022,7,Horta-Guinardó,40,Montbau,95,20602
2022,7,Horta-Guinardó,40,Montbau,96,19197
2022,7,Horta-Guinardó,40,Montbau,97,23770
2022,7,Horta-Guinardó,41,la Vall d'Hebron,98,27418
2022,7,Horta-Guinardó,41,la Vall d'Hebron,99,23975
2022,7,Horta-Guinardó,41,la Vall d'Hebron,100,20867
2022,7,Horta-Guinardó,41,la Vall d'Hebron,101,21312
2022,7,Horta-Guinardó,42,la Clota,102,20747
2022,7,Horta-Guinardó,43,Horta,103,19387
2022,7,Horta-Guinardó,43,Horta,104,18424
2022,7,Horta-Guinardó,43,Horta,105,23240
2022,7,Horta-Guinardó,43,Horta,106,21676
2022,7,Horta-Guinardó,43,Horta,107,25143
2022,7,Horta-Guinardó,43,Horta,108,22000
2022,7,Horta-Guinardó,43,Horta,109,18314
2022,7,Horta-Guinardó,43,Horta,110,22126
2022,7,Horta-Guinardó,43,Horta,111,24864
2022,7,Horta-Guinardó,43,Horta,112,22005
2022,7,Horta-Guinardó,43,Horta,113,19542
2022,7,Horta-Guinardó,43,Horta,114,22912
2022,7,Horta-Guinardó,43,Horta,115,26196
2022,7,Horta-Guinardó,43,Horta,116,21109
2022,7,Horta-Guinardó,43,Horta,117,22640
2022,7,Horta-Guinardó,43,Horta,118,21854
2022,7,Horta-Guinardó,43,Horta,119,19016
2022,7,Horta-Guinardó,43,Horta,120,19704
2022,7,Horta-Guinardó,43,Horta,121,17469
2022,7,Horta-Guinardó,43,Horta,122,20602
2022,7,Horta-Guinardó,43,Horta,123,22463
2022,8,Nou Barris,44,Vilapicina i la Torre Llobeta,1,20129
2022,8,Nou Barris,44,Vilapicina i la Torre Llobeta,2,22058
2022,8,Nou Barris,44,Vilapicina i la Torre Llobeta,3,19709
2022,8,Nou Barris,44,Vilapicina i la Torre Llobeta,4,18664
2022,8,Nou Barris,44,Vilapicina i la Torre Llobeta,5,20424
2022,8,Nou Barris,44,Vilapicina i la Torre Llobeta,6,20200
2022,8,Nou Barris,44,Vilapicina i la Torre Llobeta,7,21252
2022,8,Nou Barris,44,Vilapicina i la Torre Llobeta,8,20996
2022,8,Nou Barris,44,Vilapicina i la Torre Llobeta,9,19055
2022,8,Nou Barris,44,Vilapicina i la Torre Llobeta,10,23078
2022,8,Nou Barris,44,Vilapicina i la Torre Llobeta,11,21636
2022,8,Nou Barris,44,Vilapicina i la Torre Llobeta,12,21330
2022,8,Nou Barris,44,Vilapicina i la Torre Llobeta,13,19916
2022,8,Nou Barris,44,Vilapicina i la Torre Llobeta,14,18815
2022,8,Nou Barris,44,Vilapicina i la Torre Llobeta,15,17852
2022,8,Nou Barris,44,Vilapicina i la Torre Llobeta,16,20176
2022,8,Nou Barris,44,Vilapicina i la Torre Llobeta,17,21311
2022,8,Nou Barris,44,Vilapicina i la Torre Llobeta,18,19952
2022,8,Nou Barris,44,Vilapicina i la Torre Llobeta,19,18238
2022,8,Nou Barris,45,Porta,20,19317
2022,8,Nou Barris,45,Porta,21,20474
2022,8,Nou Barris,45,Porta,22,19884
2022,8,Nou Barris,45,Porta,23,18004
2022,8,Nou Barris,45,Porta,24,18249
2022,8,Nou Barris,45,Porta,25,17137
2022,8,Nou Barris,45,Porta,26,20065
2022,8,Nou Barris,45,Porta,27,21780
2022,8,Nou Barris,45,Porta,28,18350
2022,8,Nou Barris,45,Porta,29,16529
2022,8,Nou Barris,45,Porta,30,17992
2022,8,Nou Barris,45,Porta,31,18605
2022,8,Nou Barris,45,Porta,32,19290
2022,8,Nou Barris,45,Porta,33,16200
2022,8,Nou Barris,45,Porta,34,15669
2022,8,Nou Barris,45,Porta,35,18517
2022,8,Nou Barris,45,Porta,36,15265
2022,8,Nou Barris,45,Porta,37,17333
2022,8,Nou Barris,46,el Turó de la Peira,38,16048
2022,8,Nou Barris,46,el Turó de la Peira,39,16899
2022,8,Nou Barris,46,el Turó de la Peira,40,14803
2022,8,Nou Barris,46,el Turó de la Peira,41,12691
2022,8,Nou Barris,46,el Turó de la Peira,42,19156
2022,8,Nou Barris,46,el Turó de la Peira,43,17806
2022,8,Nou Barris,46,el Turó de la Peira,44,14895
2022,8,Nou Barris,46,el Turó de la Peira,45,14644
2022,8,Nou Barris,46,el Turó de la Peira,46,16448
2022,8,Nou Barris,46,el Turó de la Peira,47,13864
2022,8,Nou Barris,47,Can Peguera,48,13060
2022,8,Nou Barris,47,Can Peguera,49,16104
2022,8,Nou Barris,48,la Guineueta,50,22846
2022,8,Nou Barris,48,la Guineueta,51,20901
2022,8,Nou Barris,48,la Guineueta,52,19848
2022,8,Nou Barris,48,la Guineueta,53,22200
2022,8,Nou Barris,48,la Guineueta,54,19726
2022,8,Nou Barris,48,la Guineueta,55,24182
2022,8,Nou Barris,48,la Guineueta,56,18071
2022,8,Nou Barris,48,la Guineueta,57,19090
2022,8,Nou Barris,48,la Guineueta,58,17557
2022,8,Nou Barris,48,la Guineueta,59,18568
2022,8,Nou Barris,49,Canyelles,60,20441
2022,8,Nou Barris,49,Canyelles,61,18152
2022,8,Nou Barris,49,Canyelles,62,19957
2022,8,Nou Barris,49,Canyelles,63,21996
2022,8,Nou Barris,49,Canyelles,64,17417
2022,8,Nou Barris,50,les Roquetes,65,13512
2022,8,Nou Barris,50,les Roquetes,66,12710
2022,8,Nou Barris,50,les Roquetes,67,15844
2022,8,Nou Barris,50,les Roquetes,68,13577
2022,8,Nou Barris,50,les Roquetes,69,13900
2022,8,Nou Barris,50,les Roquetes,70,13588
2022,8,Nou Barris,50,les Roquetes,71,14665
2022,8,Nou Barris,50,les Roquetes,72,16226
2022,8,Nou Barris,50,les Roquetes,73,12531
2022,8,Nou Barris,50,les Roquetes,74,13673
2022,8,Nou Barris,51,Verdun,75,15927
2022,8,Nou Barris,51,Verdun,76,16526
2022,8,Nou Barris,51,Verdun,77,13873
2022,8,Nou Barris,51,Verdun,78,14750
2022,8,Nou Barris,51,Verdun,79,14573
2022,8,Nou Barris,51,Verdun,80,15570
2022,8,Nou Barris,51,Verdun,81,13872
2022,8,Nou Barris,51,Verdun,82,16018
2022,8,Nou Barris,52,la Prosperitat,83,16120
2022,8,Nou Barris,52,la Prosperitat,84,17480
2022,8,Nou Barris,52,la Prosperitat,85,16020
2022,8,Nou Barris,52,la Prosperitat,86,16763
2022,8,Nou Barris,52,la Prosperitat,87,16875
2022,8,Nou Barris,52,la Prosperitat,88,16395
2022,8,Nou Barris,52,la Prosperitat,89,17192
2022,8,Nou Barris,52,la Prosperitat,90,17676
2022,8,Nou Barris,52,la Prosperitat,91,17330
2022,8,Nou Barris,52,la Prosperitat,92,18226
2022,8,Nou Barris,52,la Prosperitat,93,16444
2022,8,Nou Barris,52,la Prosperitat,94,17553
2022,8,Nou Barris,52,la Prosperitat,95,20457
2022,8,Nou Barris,52,la Prosperitat,96,17424
2022,8,Nou Barris,52,la Prosperitat,97,16585
2022,8,Nou Barris,52,la Prosperitat,98,15885
2022,8,Nou Barris,52,la Prosperitat,99,15910
2022,8,Nou Barris,52,la Prosperitat,100,16303
2022,8,Nou Barris,52,la Prosperitat,101,17362
2022,8,Nou Barris,52,la Prosperitat,102,14765
2022,8,Nou Barris,53,la Trinitat Nova,103,12476
2022,8,Nou Barris,53,la Trinitat Nova,104,14232
2022,8,Nou Barris,53,la Trinitat Nova,105,14512
2022,8,Nou Barris,53,la Trinitat Nova,106,13229
2022,8,Nou Barris,53,la Trinitat Nova,107,14515
2022,8,Nou Barris,54,Torre Baró,108,12951
2022,8,Nou Barris,54,Torre Baró,109,12687
2022,8,Nou Barris,55,Ciutat Meridiana,110,10703
2022,8,Nou Barris,55,Ciutat Meridiana,111,11465
2022,8,Nou Barris,55,Ciutat Meridiana,112,12000
2022,8,Nou Barris,55,Ciutat Meridiana,113,11690
2022,8,Nou Barris,55,Ciutat Meridiana,114,12653
2022,8,Nou Barris,55,Ciutat Meridiana,115,12268
2022,8,Nou Barris,56,Vallbona,116,13420
2022,8,Nou Barris,48,la Guineueta,215,20187
2022,9,Sant Andreu,57,la Trinitat Vella,1,11277
2022,9,Sant Andreu,57,la Trinitat Vella,2,12393
2022,9,Sant Andreu,57,la Trinitat Vella,3,13022
2022,9,Sant Andreu,57,la Trinitat Vella,4,13679
2022,9,Sant Andreu,57,la Trinitat Vella,5,17357
2022,9,Sant Andreu,58,Baró de Viver,6,14087
2022,9,Sant Andreu,58,Baró de Viver,7,13270
2022,9,Sant Andreu,59,el Bon Pastor,8,24696
2022,9,Sant Andreu,59,el Bon Pastor,9,19108
2022,9,Sant Andreu,59,el Bon Pastor,10,17028
2022,9,Sant Andreu,59,el Bon Pastor,11,14841
2022,9,Sant Andreu,59,el Bon Pastor,13,12416
2022,9,Sant Andreu,59,el Bon Pastor,14,14732
2022,9,Sant Andreu,59,el Bon Pastor,15,14743
2022,9,Sant Andreu,60,Sant Andreu,16,21314
2022,9,Sant Andreu,60,Sant Andreu,17,22016
2022,9,Sant Andreu,60,Sant Andreu,18,20929
2022,9,Sant Andreu,60,Sant Andreu,19,22931
2022,9,Sant Andreu,60,Sant Andreu,20,22242
2022,9,Sant Andreu,60,Sant Andreu,21,23321
2022,9,Sant Andreu,60,Sant Andreu,22,24586
2022,9,Sant Andreu,60,Sant Andreu,23,23648
2022,9,Sant Andreu,60,Sant Andreu,24,23373
2022,9,Sant Andreu,60,Sant Andreu,25,23950
2022,9,Sant Andreu,60,Sant Andreu,26,24432
2022,9,Sant Andreu,60,Sant Andreu,27,23471
2022,9,Sant Andreu,60,Sant Andreu,28,26624
2022,9,Sant Andreu,60,Sant Andreu,29,21277
2022,9,Sant Andreu,60,Sant Andreu,30,23353
2022,9,Sant Andreu,60,Sant Andreu,31,23746
2022,9,Sant Andreu,60,Sant Andreu,32,18070
2022,9,Sant Andreu,60,Sant Andreu,33,21203
2022,9,Sant Andreu,60,Sant Andreu,34,18569
2022,9,Sant Andreu,60,Sant Andreu,35,21231
2022,9,Sant Andreu,60,Sant Andreu,36,22005
2022,9,Sant Andreu,60,Sant Andreu,37,18399
2022,9,Sant Andreu,60,Sant Andreu,38,22418
2022,9,Sant Andreu,60,Sant Andreu,39,21937
2022,9,Sant Andreu,60,Sant Andreu,40,23237
2022,9,Sant Andreu,60,Sant Andreu,41,20990
2022,9,Sant Andreu,60,Sant Andreu,42,23540
2022,9,Sant Andreu,60,Sant Andreu,43,21034
2022,9,Sant Andreu,60,Sant Andreu,44,22297
2022,9,Sant Andreu,60,Sant Andreu,45,22165
2022,9,Sant Andreu,60,Sant Andreu,46,23688
2022,9,Sant Andreu,60,Sant Andreu,47,23996
2022,9,Sant Andreu,60,Sant Andreu,48,21629
2022,9,Sant Andreu,60,Sant Andreu,49,20657
2022,9,Sant Andreu,60,Sant Andreu,50,22618
2022,9,Sant Andreu,60,Sant Andreu,51,23330
2022,9,Sant Andreu,60,Sant Andreu,52,22080
2022,9,Sant Andreu,60,Sant Andreu,53,23773
2022,9,Sant Andreu,60,Sant Andreu,54,23239
2022,9,Sant Andreu,61,la Sagrera,55,17337
2022,9,Sant Andreu,61,la Sagrera,56,21923
2022,9,Sant Andreu,61,la Sagrera,57,19893
2022,9,Sant Andreu,61,la Sagrera,58,22175
2022,9,Sant Andreu,61,la Sagrera,59,21973
2022,9,Sant Andreu,61,la Sagrera,60,20304
2022,9,Sant Andreu,61,la Sagrera,61,23549
2022,9,Sant Andreu,61,la Sagrera,62,22296
2022,9,Sant Andreu,61,la Sagrera,63,24254
2022,9,Sant Andreu,61,la Sagrera,64,21811
2022,9,Sant Andreu,61,la Sagrera,65,20264
2022,9,Sant Andreu,61,la Sagrera,66,23978
2022,9,Sant Andreu,61,la Sagrera,67,19402
2022,9,Sant Andreu,61,la Sagrera,68,22022
2022,9,Sant Andreu,61,la Sagrera,69,20853
2022,9,Sant Andreu,61,la Sagrera,70,15935
2022,9,Sant Andreu,61,la Sagrera,71,19497
2022,9,Sant Andreu,61,la Sagrera,72,17767
2022,9,Sant Andreu,61,la Sagrera,73,21485
2022,9,Sant Andreu,62,el Congrés i els Indians,74,19705
2022,9,Sant Andreu,62,el Congrés i els Indians,75,19142
2022,9,Sant Andreu,62,el Congrés i els Indians,76,19956
2022,9,Sant Andreu,62,el Congrés i els Indians,77,21565
2022,9,Sant Andreu,62,el Congrés i els Indians,78,21894
2022,9,Sant Andreu,62,el Congrés i els Indians,79,21693
2022,9,Sant Andreu,62,el Congrés i els Indians,80,22030
2022,9,Sant Andreu,62,el Congrés i els Indians,81,21234
2022,9,Sant Andreu,62,el Congrés i els Indians,82,20410
2022,9,Sant Andreu,63,Navas,83,21167
2022,9,Sant Andreu,63,Navas,84,22999
2022,9,Sant Andreu,63,Navas,85,21830
2022,9,Sant Andreu,63,Navas,86,20936
2022,9,Sant Andreu,63,Navas,87,23036
2022,9,Sant Andreu,63,Navas,88,19745
2022,9,Sant Andreu,63,Navas,89,20243
2022,9,Sant Andreu,63,Navas,90,19808
2022,9,Sant Andreu,63,Navas,91,21198
2022,9,Sant Andreu,63,Navas,92,21636
2022,9,Sant Andreu,63,Navas,93,21622
2022,9,Sant Andreu,63,Navas,94,21764
2022,9,Sant Andreu,63,Navas,95,21868
2022,9,Sant Andreu,61,la Sagrera,156,19372
2022,10,Sant Martí,64,el Camp de l'Arpa del Clot,1,19961
2022,10,Sant Martí,64,el Camp de l'Arpa del Clot,2,21259
2022,10,Sant Martí,64,el Camp de l'Arpa del Clot,3,21904
2022,10,Sant Martí,64,el Camp de l'Arpa del Clot,4,21144
2022,10,Sant Martí,64,el Camp de l'Arpa del Clot,5,22222
2022,10,Sant Martí,64,el Camp de l'Arpa del Clot,6,24482
2022,10,Sant Martí,64,el Camp de l'Arpa del Clot,7,28803
2022,10,Sant Martí,64,el Camp de l'Arpa del Clot,8,22879
2022,10,Sant Martí,64,el Camp de l'Arpa del Clot,9,23043
2022,10,Sant Martí,64,el Camp de l'Arpa del Clot,10,21641
2022,10,Sant Martí,64,el Camp de l'Arpa del Clot,11,24347
2022,10,Sant Martí,64,el Camp de l'Arpa del Clot,12,23365
2022,10,Sant Martí,64,el Camp de l'Arpa del Clot,13,22895
2022,10,Sant Martí,64,el Camp de l'Arpa del Clot,14,22218
2022,10,Sant Martí,64,el Camp de l'Arpa del Clot,15,22038
2022,10,Sant Martí,64,el Camp de l'Arpa del Clot,16,23922
2022,10,Sant Martí,64,el Camp de l'Arpa del Clot,17,22146
2022,10,Sant Martí,64,el Camp de l'Arpa del Clot,18,20701
2022,10,Sant Martí,64,el Camp de l'Arpa del Clot,19,22131
2022,10,Sant Martí,64,el Camp de l'Arpa del Clot,20,20356
2022,10,Sant Martí,64,el Camp de l'Arpa del Clot,21,19977
2022,10,Sant Martí,64,el Camp de l'Arpa del Clot,22,21967
2022,10,Sant Martí,64,el Camp de l'Arpa del Clot,23,21595
2022,10,Sant Martí,64,el Camp de l'Arpa del Clot,24,22711
2022,10,Sant Martí,64,el Camp de l'Arpa del Clot,25,21551
2022,10,Sant Martí,65,el Clot,26,23784
2022,10,Sant Martí,65,el Clot,27,22318
2022,10,Sant Martí,65,el Clot,28,21169
2022,10,Sant Martí,65,el Clot,29,20908
2022,10,Sant Martí,65,el Clot,30,21166
2022,10,Sant Martí,65,el Clot,31,21701
2022,10,Sant Martí,65,el Clot,32,23539
2022,10,Sant Martí,65,el Clot,33,24547
2022,10,Sant Martí,65,el Clot,34,20932
2022,10,Sant Martí,65,el Clot,35,23664
2022,10,Sant Martí,65,el Clot,36,24463
2022,10,Sant Martí,65,el Clot,37,17614
2022,10,Sant Martí,65,el Clot,38,23076
2022,10,Sant Martí,65,el Clot,39,20676
2022,10,Sant Martí,65,el Clot,40,21704
2022,10,Sant Martí,65,el Clot,41,22296
2022,10,Sant Martí,66,el Parc i la Llacuna del Poblenou,42,20128
2022,10,Sant Martí,66,el Parc i la Llacuna del Poblenou,43,22526
2022,10,Sant Martí,66,el Parc i la Llacuna del Poblenou,44,22594
2022,10,Sant Martí,66,el Parc i la Llacuna del Poblenou,45,25267
2022,10,Sant Martí,66,el Parc i la Llacuna del Poblenou,46,24875
2022,10,Sant Martí,66,el Parc i la Llacuna del Poblenou,47,24245
2022,10,Sant Martí,66,el Parc i la Llacuna del Poblenou,48,25433
2022,10,Sant Martí,66,el Parc i la Llacuna del Poblenou,49,22686
2022,10,Sant Martí,66,el Parc i la Llacuna del Poblenou,50,24492
2022,10,Sant Martí,67,la Vila Olímpica del Poblenou,51,24673
2022,10,Sant Martí,67,la Vila Olímpica del Poblenou,52,32434
2022,10,Sant Martí,67,la Vila Olímpica del Poblenou,53,39389
2022,10,Sant Martí,67,la Vila Olímpica del Poblenou,54,30270
2022,10,Sant Martí,67,la Vila Olímpica del Poblenou,55,33672
2022,10,Sant Martí,68,el Poblenou,56,21064
2022,10,Sant Martí,68,el Poblenou,57,21136
2022,10,Sant Martí,68,el Poblenou,58,21303
2022,10,Sant Martí,68,el Poblenou,59,24881
2022,10,Sant Martí,68,el Poblenou,60,21734
2022,10,Sant Martí,68,el Poblenou,61,24864
2022,10,Sant Martí,68,el Poblenou,62,23579
2022,10,Sant Martí,68,el Poblenou,63,24047
2022,10,Sant Martí,68,el Poblenou,64,25068
2022,10,Sant Martí,68,el Poblenou,65,24311
2022,10,Sant Martí,68,el Poblenou,66,24252
2022,10,Sant Martí,68,el Poblenou,67,31046
2022,10,Sant Martí,68,el Poblenou,68,26477
2022,10,Sant Martí,68,el Poblenou,69,27283
2022,10,Sant Martí,68,el Poblenou,70,22648
2022,10,Sant Martí,68,el Poblenou,71,25325
2022,10,Sant Martí,68,el Poblenou,72,23180
2022,10,Sant Martí,68,el Poblenou,73,20956
2022,10,Sant Martí,68,el Poblenou,74,21294
2022,10,Sant Martí,68,el Poblenou,75,20981
2022,10,Sant Martí,69,Diagonal Mar i el Front Marítim del Poblenou,76,25619
2022,10,Sant Martí,69,Diagonal Mar i el Front Marítim del Poblenou,77,28807
2022,10,Sant Martí,69,Diagonal Mar i el Front Marítim del Poblenou,78,29100
2022,10,Sant Martí,69,Diagonal Mar i el Front Marítim del Poblenou,79,24494
2022,10,Sant Martí,69,Diagonal Mar i el Front Marítim del Poblenou,80,31237
2022,10,Sant Martí,70,el Besòs i el Maresme,81,16780
2022,10,Sant Martí,70,el Besòs i el Maresme,82,10515
2022,10,Sant Martí,70,el Besòs i el Maresme,83,9572
2022,10,Sant Martí,70,el Besòs i el Maresme,84,12536
2022,10,Sant Martí,70,el Besòs i el Maresme,85,11679
2022,10,Sant Martí,70,el Besòs i el Maresme,86,13735
2022,10,Sant Martí,70,el Besòs i el Maresme,87,13547
2022,10,Sant Martí,70,el Besòs i el Maresme,88,18730
2022,10,Sant Martí,70,el Besòs i el Maresme,89,13692
2022,10,Sant Martí,70,el Besòs i el Maresme,90,15516
2022,10,Sant Martí,70,el Besòs i el Maresme,91,17489
2022,10,Sant Martí,70,el Besòs i el Maresme,92,20616
2022,10,Sant Martí,70,el Besòs i el Maresme,93,21547
2022,10,Sant Martí,71,Provençals del Poblenou,94,23220
2022,10,Sant Martí,71,Provençals del Poblenou,95,19213
2022,10,Sant Martí,71,Provençals del Poblenou,96,24078
2022,10,Sant Martí,71,Provençals del Poblenou,97,24989
2022,10,Sant Martí,71,Provençals del Poblenou,98,23393
2022,10,Sant Martí,71,Provençals del Poblenou,99,16386
2022,10,Sant Martí,71,Provençals del Poblenou,100,18450
2022,10,Sant Martí,71,Provençals del Poblenou,101,18647
2022,10,Sant Martí,71,Provençals del Poblenou,102,18409
2022,10,Sant Martí,71,Provençals del Poblenou,103,20021
2022,10,Sant Martí,71,Provençals del Poblenou,104,22703
2022,10,Sant Martí,72,Sant Martí de Provençals,105,20822
2022,10,Sant Martí,72,Sant Martí de Provençals,106,20250
2022,10,Sant Martí,72,Sant Martí de Provençals,107,24358
2022,10,Sant Martí,72,Sant Martí de Provençals,108,19937
2022,10,Sant Martí,72,Sant Martí de Provençals,109,18685
2022,10,Sant Martí,72,Sant Martí de Provençals,110,18420
2022,10,Sant Martí,72,Sant Martí de Provençals,111,19560
2022,10,Sant Martí,72,Sant Martí de Provençals,112,23056
2022,10,Sant Martí,72,Sant Martí de Provençals,113,19093
2022,10,Sant Martí,72,Sant Martí de Provençals,114,16398
2022,10,Sant Martí,72,Sant Martí de Provençals,115,18000
2022,10,Sant Martí,72,Sant Martí de Provençals,116,17523
2022,10,Sant Martí,72,Sant Martí de Provençals,117,19259
2022,10,Sant Martí,72,Sant Martí de Provençals,118,23501
2022,10,Sant Martí,72,Sant Martí de Provençals,119,17443
2022,10,Sant Martí,72,Sant Martí de Provençals,120,18414
2022,10,Sant Martí,72,Sant Martí de Provençals,121,17734
2022,10,Sant Martí,72,Sant Martí de Provençals,122,22071
2022,10,Sant Martí,73,la Verneda i la Pau,123,20091
2022,10,Sant Martí,73,la Verneda i la Pau,124,20263
2022,10,Sant Martí,73,la Verneda i la Pau,125,18186
2022,10,Sant Martí,73,la Verneda i la Pau,126,19505
2022,10,Sant Martí,73,la Verneda i la Pau,127,20864
2022,10,Sant Martí,73,la Verneda i la Pau,128,21346
2022,10,Sant Martí,73,la Verneda i la Pau,129,21053
2022,10,Sant Martí,73,la Verneda i la Pau,130,19804
2022,10,Sant Martí,73,la Verneda i la Pau,131,23106
2022,10,Sant Martí,73,la Verneda i la Pau,132,17613
2022,10,Sant Martí,73,la Verneda i la Pau,133,17163
2022,10,Sant Martí,73,la Verneda i la Pau,134,17326
2022,10,Sant Martí,73,la Verneda i la Pau,135,17668
2022,10,Sant Martí,73,la Verneda i la Pau,136,17681
2022,10,Sant Martí,73,la Verneda i la Pau,137,16165
2022,10,Sant Martí,73,la Verneda i la Pau,138,14054
2022,10,Sant Martí,73,la Verneda i la Pau,139,15838
2022,10,Sant Martí,73,la Verneda i la Pau,140,15926
2022,10,Sant Martí,73,la Verneda i la Pau,141,16256
2022,10,Sant Martí,73,la Verneda i la Pau,142,15399
2022,10,Sant Martí,73,la Verneda i la Pau,143,16402
2022,10,Sant Martí,65,el Clot,234,21047
2022,10,Sant Martí,69,Diagonal Mar i el Front Marítim del Poblenou,235,18576
2022,10,Sant Martí,69,Diagonal Mar i el Front Marítim del Poblenou,236,19369
2022,10,Sant Martí,71,Provençals del Poblenou,237,17676
